zscale,float,1.088
flat_lookup_file_path,str,raw_viewer/channel_mappings/flatlookup4cobos.csv
length_counts_threshold,float,100
ic_counts_threshold,float,0
background_subtract_mode,str,smart
smart_bins_away_to_check,int,25
num_smart_background_ave_bins,int,10
smart2_min_bins_in_peak,int,5
smart2_min_sigma,float,2
remove_outliers,bool,True
reconstruct_railed_pads,bool,True
cache_enable,bool,True
batch_event_cache_size,int,50
remove_zero_pad,bool,True
veto_background_subtract_mode,str,smart2
veto_smart_bins_away_to_check,int,3
