fit_window,peak energy,from decay of,known peak energy (keV),known peak energy uncertainty(keV),use for calibration?,notes,gate,bg_gate,coincidence_hist,coincidences,,,,
180-190,185,?,,,,,,,,,,,considered:,"60Cu, 59Cu, 60Zn, 60Ga, 58Cu, common backgrounds"
195-206,198,71mGe,,,,"20.22 ms isomer, half life is correct. No coincidences with other gammas, but this makes sense because of lifetime.",,,,,,,,
,203,,,,,excess visible in 198 keV fit,,,,,,,,
230-250,238.5,212Pb?,,,,,,,,,,,,
,241,?,,,,shoulder on 238 peak,,,,,,,,
267-282,269,,,,,shoulder on 272.5 peak,,,,,,,,
,272.5,60Zn,273.4,0.4,yes,1969Ho01,,,,,,,,
,277,,,,,,,,,,,,,
290-310,295,214Pb?,,,,,,,,,,,,
,299,,,,,,,,,,,,,
318-336,327,,,,,,,,,,,,,
,334,60Zn,,,"no, bad fit","1969Ho01, poor fit because of nearby compton edge",,,,,,,,
336-343,338.6,59Cu or 60Ga?,,,,"Room background line and overlapping 59Cu line possibly. In bg run 281, measured half life to be  56.9376 -23.1428/+18.428 seconds using fit_decay_curve((337,340), (0,100), (310,330), E_v_t)
 ",,,,,,,,
348-356,351.9,214Pb?,,,,,,,,,,,,
360-368,364.4,60Zn,364.6,0.1,yes,1969Ho01,,,,,,,,
404-414,409,?,,,,,,,,,,,,
418-428,423,59Zn? 59Cu?,,,,"1983Ar12 for 59Zn, placement in level scheme not certain.1973Va03+1977Se02 for 59Cu. Height relative to 464 line is approx correct to just be from 59Cu",,,,,,,,
430-448,439,?,,,,,,,,,,,,
457-475,464,59Cu,,,,1973Va03+1977Se02,,,,,,,,
,467,,,,,"peak not obvious in spectrum, but expected from 60Cu, 1972Va19",,,,,,,,
485-500,491.4,"59Zn",491.4,0.1,yes,1983Ar12,,,,,,,,
,497,60Cu,497.9,0.2,yes,1972Va19,,,,,,,,
500-520,511,annihilation,,,,,,,,,,,,
530-552,538,59Cu,538.55,0.14,yes,1973Va03+1977Se02,,,,,,,,
,545,59Cu,545.75,0.14,yes,1973Va03+1977Se02.,544-547,548-551,,,,,,
557-576,562,"76Ge(n,n')",,,,"228Ac coincidences not present, only present when beam is on",561-563,,567-569,845?,,,,
,570,?,,,,,,,,,,,,
,572,60Zn (511 + 61),,,,shoulder on 570 peak? 1961Ho01. Not placed in level scheme,,,,,,,,
577-589,583,208Tl,,,,coincidence w/ 2614,,,,,,,,
588-618,596,74*Ge?,,,,not present when beam off,,,,,,,,
,609,214Bi? 60Cu?,,,," may have transisiton of similar energy which hasn't been observed (ENSDF comment)",,,,,,,,
618-653,629,228Ac?,,,,"no obvious coincidences, some hints of peaks at energies other than those for 228Ac",,,"h629 = degai.get_bg_subtracted_projection(coincidence_hist, 629, 1, 633,1)",,,,,
,643,60Cu,643.2,0.3,yes,1972Va19,,,,,,,,
653-674,661,137Cs?,,,,t1/2 =  0.0669587   +/-   1.08184. No coincidence with 511.,,,,none with 511,,,,
,665,,,,,excess counts in the peak if peak not included,,,,,,,,
,669,63*Cu? and/or 60Ga. and/or 60Zn,,,,"60Ga  in 2021Or01. 1969Ho01 for 60Zn. Halflife ~infinity, ruling out 60Ga and 60Zn",,,,,,,,
674-713,681,60Cu,,,,1972Va19,,,,,,,,
,693,?,,,,"not present when beam off, broad peak or combination of peaks",,,,,,,,
,703,?,,,,"almost not present when beam off, broad peakor combination of peaks",,,,,,,,
710-735,727,228Ac? or 212Bi?,,,,"time independent, definitely a background line",,,,,,,,
735-760,743,?,,,,weaker or maybe not present when beam off,,,,,,,,
,749,60Cu? But not present when beam is off...,,,,1972Va19. Not present when beam is off,,,,,,,,
,755,?,,,,,,,,,,,,
763-800,768,214Bi?,,,,,,,,,,,,
,772,?,,,,,,,,,,,,
,778,?,,,,,,,,,,,,
,782,?,,,,not present when beam off,,,,,,,,
,786,?,,,,,,,,none,,,,
,795,228Ac,,,,"don't see corresponding gammas, but may just not have the statistics",,,,,,,,
800-818,806,214Bi?,,,,,,,,,,,,
,811,?,,,,,,,,,,,,
820-830,826,60Cu,826.4,0.2,yes,1972Va19,,,,,,,,
830-841,834,,,,,only present when beam on,,,,,,,,
,836,228Ac? or 59Cu,,,,"59Cu 1973Va03+1977Se02, seems pretty time independent",,,,,,,,
,839,60Cu,839.2,0.4,yes,"1972Va19, shoulder on 836 keV peak",,,,,,,,
842-872,844,?,,,,,,,,,,,,
,846,56*Fe?,,,,Only present when implanting,,," h848 = degai.get_bg_subtracted_projection(ab_coincidence_hist, (845,849), (841,844))","846, 1238, 1810?",,,,
,850,?,,,,"peak seen in 2021Or, but I don't see it in sum spectrum. Should be weak peak here from 59Cu as well",,,,,,,,
,854,58Cu,855.0,0.4,yes,1972Jo01,,,,,,,,
,860,208Tl?,,,,,,,,,,,,
,867,?,,,,only present when beam on,,,,,,,,
872-900,878,59Cu,878.00,0.07,yes,1973Va03+1977Se02,,,,,,,,
,887?,?,,,,,,,,,,,,
,893,?,,,,only present when beam on,,,,,,,,
,896,60Cu,,,"no, not a clear peak in beam off spectrum","1972Va19, shows up as possible shoulder on 893 peak",,,,,,,,
900-920,904,?,,,,,,,,,,,,
,909,60Cu,,,"no, swamped by 228Ac peak","1972Va19, if present, shows as shoulder on 911 peak",,,,,,,,
,911,228Ac?,,,,,,,,,,,,
,913,60Ga? 69Zn? 60Ga beta-p to 59Cu excited state?,914.2,0.1,yes,"shoulder on 911 peak, observed in 2021Or01. Also overlaps with 914.2 keV gamma from 59Zn 1983Ar12",,,,,,,,
920-940,931,,,,,,,,,,,,,
,934,214Bi?,,,,,,,,,,,,
940-958,947,56*Fe? or 60Zn?,,,,"1969Ho01 for 60Zn, did not place in level scheme",,,,,,,,
,952,60Cu,,,"no, low fit p value",1972Va19,,,,,,,,
958-972,964,228Ac?,,,,,,,,,,,,
,969,228Ac?,,,,,,,,,,,,
973-995,975,?,,,,,,,,,,,,
,984,60Cu,984.5,0.6,yes,1972Va19,,,,,,,,
,988,?,,,,,,,,,,,,
,994,60Cu,,,"no, uncertainty not listed in nudat",1972Va19 unable to place in level scheme,,,,,,,,
998-1010,1000,59Cu?,,,,needed for good fit of 1003 peak,,,,,,,,
,1004,60Ga,1003.7,0.2,yes,"69.47±0.46 ms halflife. ",,,"h1003 = degai.get_bg_subtracted_projection(coincidence_hist, 1003, 3, 1010,1)","511, 1028, 1188, 1202,  1340, 1413, 1441, 1481, 1554, 2007, 2293, 2390, 2433, 2507, 2825, 2996, 3335, 3781?, 3847, 3888, 4179, 4208, 4293, 4719, 4804",,,,
1010-1025,1015,27*Al?,,,,only present when beam is on,,,,,,,,
,1021,?,,,,"summing of 511s? If so, should be present in accidental coincidence spectrum from offset timing",,,,,,,,
1023-1031,1028,60Ga? or 60Cu?,,,,2021Or01 claims 60Ga peak at 1028.6±2. 1972Va19 says peak at 1027±? from 60Cu and didnt place in level scheme. Apparent coincidence with 2825 appears to be from a diagonal line in coincidence spectrum.,,,"h1028 = degai.get_bg_subtracted_projection(coincidence_hist, (1027, 1029), (1038,1042))","511,1004,2007",,,,
1030-1101,1035,60Cu,,,"no, low p value",1972Va19,,,,,,,,
,1039,?,,,,only present when beam on,,,,,,,,
,1044,?,,,,,,,,,,,,
,1052,?,,,,,,,,,,,,
,1064,207mPb,,,,,,,,,,,,
,1070,?,,,,,,,,,,,,
,1079,?,,,,,,,,,,,,
,1085,?,,,,,,,,,,,,
,1090,?,,,,single bin?,,,,,,,,
,1097,116In?,,,,,,,,,,,,
1101-1126,1110,60Cu,,,"no, low p value",1972Va19,,,,,,,,
,1120,214Bi?,,,,,,,,,,,,
1126-1145,1130,?,,,,only present when beam on,,,,,,,,
1150-1162,1155,214Bi?,,,,,,,,,,,,
1162-1169,1165,?,,,,,,,,,,,,
1169-1178,1173,60Co? or 60Cu?,,,,60Co is room background. Peak identified in 1972Va19 as 60Cu,,,,,,,,
1178-1197,1181,?,,,,,,,,,,,,
,1188,60Ga,,,2021Or04,"60Ga ID from 2021Or01, 59Cu from 1973Va03+1977Se02. Shows up in 1003 keV coincidence. half life betweeen 39.7 ms and 174.5 ms. This is consistent with 60Ga, but not 59Cu.I originally thought that the there was a coincidence w/ 546 keV gamma, but this appears to be an artifact from background subtraction.",,,"h1189 = degai.get_bg_subtracted_projection(coincidence_hist, 1189, 1, 1196,2)","189?, 511, 1003, 1202?, 3588",,,,
1197-1212,1202,60Ga,,,,"seen in 2021Or01, seen in 1003 coincidence spec. Cut on peak also may include peaks just above this. Apparent coincidence in 1D spectrum fit is due to compton scatter coincidence crossing.",1200-1204,1210-1213,,"511, 1004, 1188",,,,
,1207,?,,,,"multiple peaks, overlapping with 1202 peak",,,,,,,,
1212-1233,1223,?,,,,jump in background?,,,,,,,,
1233-1265,1238,214Bi?,,,,,,,,,,,,
,1245,?,,,,or possibly a shoulder on 1238,,,,,,,,
,1252,?,,,,,,,,,,,,
,1259,?,,,,,,,,,,,,
1265-1287,1270,59Cu,1269.65,0.15,yes,1973Va03+1977Se02,,,,,,,,
,1274,?,,,,,,,,,,,,
,1281,?,,,,,,,,,,,,
1287-1310,1293,116In? or 60Cu,,,,"116In is room background, for 60Cu see 1972Va19",,,,,,,,
,1301,59Cu,,,"no, overlapping peaks","1973Va03+1977Se02. Doesn't fit well as a single peak when beam on, but fits ok when beam off. Added peak below for this reason.",,,,,,,,
,1302,?,,,,,,,,,,,,
1310-1325,1316,?,,,,,,,,,,,,
,1321,58Cu,1321.4,0.5,yes,1972Jo01,,,,,,,,
1325-1347,1331,60Co? or 60Cu,,,,"strong 60Cu transition, 1972Va19. Doesn't fit well as a single peak, so broke out into to peaks",,,,,,,,
,1332,see above,,,,,,,,,,,,
,1340,"59Cu? ",,,"no, low fit p value","1973Va03+1977Se02 for 59Cu. Shows up in 1004 coincidence spectrum because of 999 keV 59Cu linem vyt 2507 is is coincidence ith 1004 and 1340, and seems to be from 60Ga most likely. Maybe this is to peaks?",,," h1341 = degai.get_bg_subtracted_projection(coincidence_hist, 1342, 2, 1355, 5)","340, 511, 1003, 1996?, 2051?, 2506",,,,
1346-1363,1351,?,,,,,,,,,,,,
,1357,?,,,,,,,,,,,,
1363-1391,1369,?,,,,"not background, stronger when beam on, half life likely very short",,,,,,,,
,1377,214Bi? 57Co?,,,,214Bi is room background; 57Co 1990Sc23 would be beam contaminant,,,,,,,,
,1385,?,,,,,,,,,,,,
1391-1416,1395,,,,,1973Va03+1977Se02,,,,,,,,
,1398,59Cu? 60Ga?,,,,Oshea has in cascade above Sp,,,,,,,,
,1401,?,,,,1 sigma t1/2<34.6 ms,,,,,,,,
,1407,214Bi?,,,,,,,,,,,,
,1413,60Ga,,,"no, 2021Or01",2021Or01,,,,"1004,2433",,,,
1416-1473,1420,60Cu,,,,"1972Va19, very small peak",,,,,,,,
,1434,?,,,,much stronger when beam on.1 sigma half life 0-8 ms.,,,,,,,,
,1441,60Ga?,,,,"2021Or01, not enough statistics to constrain half life but 1 sigma value < 40 ms",,,,"1004,1554,2557",,,,
,1448,58Cu,,,"no, low fit p-value",1972Jo01,,,,,,,,
,1451,60Cu,,,"no, low fit p-value","1972Va19, not clearly visible under 1454 peak tail, but should be included in fits",,,,,,,,
,1454,58Cu,,,"no, low fit p-value",1972Jo01,,,,,,,,
,1461,40K?,,,,largely time independent. Doesn't fit well as a single peak.,,,,,,,,
,1462,?,,,,,,,,,,,,
1471-1519,1481,60Ga,,,,2021Or01,,,,,,,,
,1488,58Cu,1488.6,0.7,yes,1972Jo01,,,,,,,,
,1496,?,,,,,,,,,,,,
,1501,?,,,,,,,,,,,,
,1509,room background?,,,,seems time independent,,,,,,,,
,1514,?,,,,,,,,,,,,
1519-1549,1521,?,,,,,,,,,,,,
,1530,?,,,,,,,,,,,,
,1536,59Cu? But peak is stronger in 60Ga spectrum than 59Zn,,,,1973Va03+1977Se02,,,,,,,,
,1543,?,,,,,,,,,,,,
,1547,58Cu,,,,"1972Jo01, only maybe visible as a shoulder on 1543 peak",,,,,,,,
1550-1563,1554,60Ga,1554.9,0.6,yes,"based on 2001Ma96 + 1003 peak coincidence, 74±3 ms half life",,,,,,,,
1575-1605,1579,60Cu,,,,"1972Va19, shows up as shoulder on 1583 peak",,,,,,,,
,1583,58Cu,,,,1972Jo01,,,,,,,,
,1588,228Ac?,,,,,,,,,,,,
,1592,?,,,,,,,,,,,,
,1599,?,,,,,,,,,,,,
1605-1647,1610,59Cu,,,"no, small peak",1973Va03+1977Se02,,,,,,,,
,1620,212Bi?,,,,,,,,,,,,
,1625,,,,,,,,,,,,,
,1631,228Ac?,,,,,,,,,,,,
,1635,,,,,,,,,,,,,
,1638,?,,,,,,,,,,,,
1650-1700,1661,?,,,,,,,,,,,,
,1665,?,,,,,,,,,,,,
,1673,58Cu,,,"no, really small peak",1972Jo01,,,,,,,,
,1679,59Cu,1679.7,0.07,yes,1973Va03+1977Se02,,,,,,,,
,1684,?,,,,,,,,,,,,
,1693,?,,,,,,,,,,,,
1700-1745,1729,214Bi?,,,,,,,,,,,,
,1734,59Cu,1734.7,0.07,yes,1973Va03+1977Se02,,,,,,,,
1750-1800,1757,?,,,,,,,,,,,,
,1764,214Bi?,,,,,,,,,,,,
,1774,?,,,,Bi xrays?,,,,,,,,
,1780,60Ga?,,,,2021Or01,,,,,,,,
,1791,60Cu,1791.6,0.3,yes,1972Va19,,,,,,,,
,1792,?,,,,1791 keV peak didn't fit well when fit as a single peak,,,,,,,,
1800-1815,1809,58Cu+prompt gamma?,,,,"1972Jo01. Much weaker in beam off spectrum. Fits well as a single peak when beam is off, but not hen on",,,,,,,,
1815-1843,1826,?,,,,,,,,,,,,
,1832,?,,,,,,,,,,,,
,1838,?,,,,,,,,,,,,
1843-1852,1847,214Bi?,,,,,,,,,,,,
1852-1868,1861,60Cu,1861.6,0.3,yes,1972Va19,,,,,,,,
1868-1910,1873,?,,,,,,,,,,,,
,1879,?,,,,,,,,,,,,
,1890,?,,,,hint of a peak,,,,,,,,
,1896,?,,,,,,,,,,,,
1910-1925,1919,60Cu,1919.7,0.4,yes,1972Va19,,,,,,,,
1928-1943,1936,60Cu,1936.9,0.3,yes,1972Va19,,,,,,,,
1943-1960,1950,59Cu?,1949.9,0.14,yes,"1973Va03+1977Se02, peak looks a bit big for previously assigned branch",,,,,,,,
1962-1980,1974,?,,,,peak only in single crystals. Escape peak?,,,,,,,,
1980-1994,1988,?,,,,,,,,,,,,
1996-2020,2007,60Ga?,,,,"OShea2025. In coincidence with 1003. half life (s)=0.0279417 -0.0117726/+0.0456954 s (fit_decay_curve((2006,2009), (0,0.095), (2069, 2095))), which is consistent with 60Ga.",,,"h2007 = degai.get_bg_subtracted_projection(coincidence_hist, (2006, 2009), (2018, 2038))","511,1003,1028",,,,
,2012,?,,,,,,,,,,,,
2022-2039,2033,?,,,,,,,,,,,,
2039-2055,2047,60Ga,,,,2021Or01,,,,,,,,
2055-2068,2061,60Cu,2061.0,0.3,yes,1972Va19,,,,,,,,
2068-2085,2077,58Cu,,,"no, small peak",1972Jo01,,,,,,,,
2085-2097,2092,60Ga?,,,,2021Or01,,,,,,,,
2097-2115,2103,?,,,,,,,,,,,,
2110-2130,2118,?,,,,,,,,,,,,
2130-2152,2139,58Cu,,,,1972Jo01,,,,,,,,
,2146,58Cu,,,,"1972Jo01, not sure of statistical signifigance",,,,,,,,
2152-2165,2159,60Cu,2158.9,0.2,yes,1972Va19,,,,,,,,
2165-2180,2171,?,,,,odd peak shape,,,,,,,,
2190-2230,2204,214Bi?,,,,,,,,,,,,
,2212,,,,,shoulder on 2204 peak,,,,,,,,
,2223,2*H?,,,,,,,,,,,,
2230-2252,2240,?,,,,jump in background?,,,,,,,,
2252-2278,2263,60Cu,,,,"1972Va19, not clearly visible, but should be included in fit to 2266 peak",,,,,,,,
,2266,?,,,,,,,,,,,,
2278-2305,2293,60Ga,2293.0,0.1,yes,"2001Ma96, 1003 coincidence",,,,"1004,1554,2047,2557",,,,
2305-2350,2318,?,,,,,,,,,,,,
,2324,?,,,,,,,,,,,,
,2333,60Ga?,,,,2021Or01,,,,,,,,
2350-2380,2371,?,,,,,,,,,,,,
2382-2396,2390,60Ga. 60Cu? Shows up in 1003 coincidence.,,,,"1972Va19, relative height of this peak to 2402 is very similar, but previous measurement shos it to be much smaller",,,,,,,,
2395-2407,2402,60Cu?,2403.3,0.6,yes,1972Va19,,,,,,,,
2407-2424,2415,?,,,,,,,,,,,,
2424-2440,2433,60Ga?,,,,2021Or01,,,,"1004, 1413",,,,
2440-2460,2447,?,,,,"There is a nearby 58Cu peak (2445.6 keV, 1972Jo01), but this peak should be much smaller",,,,,,,,
2473-2494,2484,?,,,,,,,,,,,,
2496-2545,2507,"60Ga? 59Cu? ",,,,"Oshea2025 has peak at 2507, coincidence w/ 1003. But coincidences suggest is from 59Cu.",,,,,,,,
,2517,?,,,,maybe noise?,,,,,,,,
,2525,?,,,,,,,,,,,,
,2531,?,,,,,,,,,,,,
2545-2580,2557,60Ga?,2559.0,0.8,yes,previous energy measured as 2559.0±0.8,,,,,,,,
2580-2660,2614,208Tl?,,,,,,,,,,,,
,2623,60Ga?,,,,2021Or01,,,,,,,,
,2633,60Ga?,,,,Oshea2025 at 2631,,,,,,,,
,2638,?,,,,weird shape,,,,,,,,
2660-2720,2675,60Cu,2675.3,0.8,yes,1972Va19,,,,,,,,
,2681,?,,,,,,,,,,,,
,2687,60Cu,2687.9,0.3,yes,1972Va19,,,,,,,,
,2693,,,,,added because of poor fit to other peaks,,,,,,,,
2720-2790,2745,60Cu,2746.1,0.3,yes,1972Va19,,,,,,,,
,2755,?,,,,,,,,,,,,
,2759,?,,,,shoulder on 2755 peak,,,,,,,,
,2769,?,,,,,,,,,,,,
2800-2840,2825,60Ga (double escape peak),,,,"2021Or01, 68-73 ms. I think this is the double escape peak from 3847. This is supported by coincidence with 1022 peak.",,,,1004,,,,
2853-2897,2865,?,,,,,,,,,,,,
,2882,60Ga,,,,2021Or01,,,,,,,,
2895-2913,2902,58Cu,2902.5,0.5,yes,1972Jo01,,,,,,,,
2913-2953,2926,?,,,,odd peak shape,,,,,,,,
2953-3012,2977,?,,,,,,,,,,,,
,2986,60Cu,2986.3,0.5,yes,1972Va19,,,,,,,,
,2996,60Ga,,,,2021Or01,,,,,,,,
3020-3058,3037,58Cu?,3038.5,0.8,yes,,,,,,,,,
3068-3098,3084,58Cu?,3083.7,0.6,yes,intensity relative to 3037 seems wrong,,,,,,,,
3100-3132,3113,?,,,,,,,,,,,,
,3124,60Cu,3124.1,0.3,yes,1972Va19,,,,,,,,
3131-3143,3136,?,,,,,,,,,,,,
3143-3179,3149,?,,,,,,,,,,,,
,3160,60Cu,,,,1972Va19,,,,,,,,
,3168,?,,,,,,,,,,,,
3179-3211,3194,60Cu,3194.1,0.3,yes,1972Va19,,,,,,,,
3246-3291,3264,58Cu,3264.5,0.2,yes,1972Jo01,,,,,,,,
,3269,60Cu,3269.4,0.3,yes,1972Va19,,,,,,,,
3310-3357,3335,60Ga (single 511 escape peak),,,,"2021Or01, coincidence w/ 1003. Escape peak from 3847.",,,1004,,,,,
3357-3415,3377,?,,,,,,,,,,,,
,3393,60Ga? + 60Cu?,,,,"2021Or01. 1972Va19 identifies gamma with energy 3393.4±0.8, but the peak height of this peak is much bigger than the 3269 peak in my data, hile  1972Va19 says this peak should be much smaller. Oshea2025 for another 60Ga reference",,,,,,,,
3415-3462,3431,60Cu?,,,"no, too small/essentially not present",shoulder on 3436 peak. 1972Va19 identifies 60Cu peak at 3428.4±0.8,,,,,,,,
,3436,?,,,,,,,,,,,,
3462-3499,3489,60Ga (escape)?,,,,escape peak from 4000 keV? This much smaller than 4000 peak.,,,,,,,,
3499-3528,3509,60Cu,,,"no, uncertain ID","1972Va19 peak at 3513±2 and similar height to their peak at 3428 which is what I see, but peaks are offset in their spectrum in difference directions relative to mine for these to peaks. I also don't see a peak at 3518, so these two peaks may not be from 60Cu. Much stronger in 60Ga runs than 59Zn.",,,,,,,,
3528-3569,3548,?,,,,,,,,,,,,
3569-3607,3586,?,,,,compton edge from 3864 at right edge of this fit window,,,,,,,,
,3594,58Cu,3595.0,0.3,yes,1972Jo01,,,,,,,,
,3602,?,,,,shoulder on 3595,,,,,,,,
3624-3649,3639,?,,,,,,,,,,,,
3647-3688,3660,?,,,,,,,,,,,,
3688-3712,3696,?,,,,,,,,,,,,
3765-3796,3781,60Ga (escape),,,,4293 escape peak? Which may itself be an escape peak from 4804.,,,,"511, 1003",,,,
3820-3835,3829,?,,,,,,,,,,,,
3835-3861,3847,60Ga,3848.3,0.7,yes,"2001Ma96, 67.3-69.2 ms half life",,,,"511,1003",,,,
3863-3917,3888,60Ga,,,,"2021Or01, coincidence w/ 1003, 45-87 ms half life",,,,"511, 1003, 1333? 1341?",,,,
3960-4053,4000,60Ga,,,,"2021Or01, 39-57 ms half life. I suspect 1003 coincidence is not real; it is not obvious in 2d coincidence spectrum and this transition doesn't show up in 1004 coincidence spectrum despite 4000 peak being stronger than 2996 peak..",,,,511,,,,
,4020,60Cu?,,,,1972Va19,,,,,,,,
4135-4232,4179,60Ga,,,,19-71 ms half life,,,,"511, 1003, 1413?",,,,
,4189,?,,,,flat decay curve,,,,,,,,
,4208,60Ga,,,,21-54ms half life. Likely escape peak from 4718.,,,,"511,1003",,,,
4232-4279,4259,?,,,,flat decay curve,,,,,,,,
4280-4408,4293,60Ga (escape),,,,half life 15-60 ms. 4804 escape peak?,,,,"511, 1003, 1028?",,,,
,4325,?,,,,,,,,,,,,
,4341,?,,,,decay curve looks flat,,,,511,,,,
,4360,60Ga (sum),4359.3,0.8,yes,3848+511. Much bigger in add back spectrum than sum. True energy from 3848+511,,,,,,,,
,4382,?,,,,decay curve looks flat,,,,511,,,,
4408-4468,4444,?,,,,,,,,,,,,
4468-4518,4501,?,,,,TODO: fit these two,,,,,,,,
,4505,?,,,,,,,,,,,,
4518-4573,4538,60Ga? 60Cu (escape)?,,,,35-93 ms half life,,,,"511, others?",,,,
4674-4739,4719,60Ga,,,,38.6-80.9 ms,,,,"511, 1003",,,,
4737-4832,4786,60Ga (escape),,,,half life 20-106 ms. Probably 511 escape peak from 5297.,,,,511,,,,
,4804,60Ga,,,,2021Or01,,,,"511, 1003",,,,
4832-4874,4852,60Ga,,,,"2021Or01, Oshea reports state at 4856 but no gammas of this energy. Much stronger in 60Ga than 59Zn runs.",,,,511?,,,,
4876-4925,4892,60Ga,,,,2021Or01,,,,511,,,,
5015-5095,5050,60Cu,5048,3,yes,,,,,511,,,,
5085-5228,5107,prompt gamma,,,,weak or not present when beam off,,,,,,,,
5230-5363,5266,?,,,,could this be the Oshea gamma at 5256±13? Very small peak that isn't clearly bigger in 60Ga runs.,5260-5275,5340-5380,,None,,,,
,5299,60Ga,,,,half life (s) =  0.0572131  -0.0298075/+0.0116908. Much stronger in 60Ga runs than 59Zn runs.,5294-5303,5331-5400,,511,,,,
5363-5500,5450,?,,,,"very small peak. ",,,,,,,,
5500-5661,5560,60Ga,,,,"half life (s) = 0.0687843±0.0288298 from fit_decay_curve((5557,5565),(0,0.095),(5568, 5604)). Much stronger in 60Ga runs.",,,"h5560 = degai.get_bg_subtracted_projection(coincidence_hist, 5561, 4, 5586, 18)",511,,,,
,5621,?,,,,not present when beam off. Present in both 59Zn and 60Ga beams.,,,,,,,,
5677-5766,5725,60Ga,,,,"actually 5723, likely the same sate as 1004 + 4719",,,,,,,,
5766-5850,5809,60Ga,,,,"Peak is much stronger in 60Ga runs than 59Zn runs. OShea2025 has 5837±12 keV gamma originating from 6842 state, which would show up in coincidence w/ 1003 if that's what this is. 39-64.6 ms half life fit w/ fit_decay_curve((5803,5812),(0,0.095),(5820, 5925)). Maybe goes with ~720 keV proton peak.

",5805-5813,5830-5850,"h5809 = degai.get_bg_subtracted_projection(coincidence_hist, 5809, 4, 5840, 10)",511,,,,
6041-6215,6132,16O*?,6129.89,0.04,yes,not present when beam off. Present in both 59Zn and 60Ga runs in similar ammounts.,,,,,,,,