fit_window,peak energy,from decay of,known peak energy (keV),known peak energy uncertainty(keV),use for calibration?,notes
550-2900,680,60Ga,,,,
,716,60Ga,,,,
,760,60Ga,,,,
,820,59Zn,,,,
,904,59Zn,914.492,1.059,yes
,940,59Zn,,,,not previously observed
,1063,59Zn,1062.9,4.93
,1110,60Ga,,,,
,1155,60Ga,,,,
,1180,59Zn,,,,not previously observed
,1200,60Ga,,,,
,1250,60Ga,,,,
,1260,59Zn,1264,10
,1331,59Zn,1332.225,2.975
,1340,60Ga,,,,
,1376,59Zn,1375.47,4.93,,
,1400,60Ga,,,,
,1430,59Zn,,,,not previously observed
,1460,60Ga,,,,
,1520,60Ga,,,,
,1565,60Ga,,,,
,1630,60Ga,,,,
,1730,60Ga,,,,
,1778,59Zn,1781.018,0.792,yes,prev 59Zn measurement was 1778±5 keV
,1795,60Ga,,,,
,1813,59Zn,1813.84,3.95
,1855,59Zn,1855.13,3.95
,1960,60Ga,,,,
,1985,60Ga,,,,
,2025,59Zn,2025,5
,2040,60Ga,,,,
,2075,60Ga,,,,
,2089,59Zn,2089,5
,2120,60Ga,,,,
,2167,59Zn,2182,10,,
,2210,59Zn,2197,10
,2250,59Zn,2250,10,,
,2410,59Zn,2410,15,no
,2455,59Zn,2455,15,no,
,2530,60Ga,,,,
,2605,60Ga,,,,
,2655,60Ga
,2850,60Ga