GET,DDAS,Start Time,End Time,Duration,Run Type,LN2 fill?,H5 on TPC GPU,Field Cage Functional?,SCA Lower Limit,degrader angle,good data?,final beam settings?,source type,source location,Comments,
,287,11/19/2025 19:41,11/20/2025 12:17,16:36:06,Background,,,,,,,,,,,
,286,,,,Background,,,,,,,,,,,
309,285,,,,Background,,no?,,,,,,,,,
306,284,,,,,,,no,,,,,,,,
306,283,,,,59Zn PID,,,no,,,,,,,,
305?,282,,,,59Zn PID,,,,,,,,,,"att x1k, continuous beam; high rates in C7 A&B for a couple minutes",
305?,281,,,,Background,,,,,,,,,,,
303,280,,,,59Zn,,,no,,34,,,,,degrader angle 34 deg,
302,279,,,,59Zn,,,partial,,,,,,,,
301,278,,,,59Zn,,,yes,,38,,,,,,
300,277,,,,59Zn,,,yes,,38,,,,,,
299,277,,,,59Zn,,,yes,,38,,,,,,
298,276,,,,59Zn,,no?,yes,,41,,,,,,
297,275,,,,59Zn,,no?,yes,,41,,,,,,
296,274,,,,59Zn,,,yes,,41,,,,,,
295,,,,,background,,,,,41,,,,,,
,273,,,,background,,,,,41,,,,,Gamma Rawy Background Run while GET is being fixed,
289,272,,,,59Zn?,,,no,,41,,,,,"GET diagnostics during this run, beam was partially off during this run.",
288,271,,,,59Zn,,,no,,39,,,,,,
287,270,,,,59Zn,,,partial,,39,,,,,,
286,269,,,,59Zn,,,yes,,?,,,,,,
285,268,,,,59Zn,,,yes,,?,,,,,,
284,267,,,,59Zn 5 att,,,yes,,?,,,,,,
283,266,,,,59Zn 10 att,,,yes,,?,,,,,,
282,265,,,,59Zn 100 att,,,yes,,?,,,,,,
281?,264,,,,59Zn 1k att,,,yes,,?,,,,,,
,263,,,,59Zn PID,,,,,,,,,,,
,262,,,,59Zn PID,,,,,,,,,,,
,261,,,,Background,,,,,,,,,,,
,260,,,,Background,,,,,,,,,,,
,259,,,,60Ga PID,,,,,,,,,,,
280,,,,,Background,,,,,,,,,,Set gating grid to transparent. Will let run go through PID + 59Zn beam development,
,258,,,,Background,,,,,,,,,,background while setting up for PID,
279,257,11/18/2025 5:53:26,,,60Ga,,,,,,,yes,,,,
278,256,,,,60Ga,,,,,,,yes,,,,
277,255,,,,60Ga,,,,,,,yes,,,,
276,254,,,,60Ga,,,,,,,yes,,,,
275,253,Tue Nov 18 01:58:34 EST 2025,Tue Nov 18 02:59:14 EST 2025,,60Ga,,,,,,,yes,,,,
274,252,,,,60Ga,,,,,,,yes,,,,
273,251,,,,60Ga,,,,,,,yes,,,,
272,250,,,,60Ga,,,,,,,yes,,,,
271,249,,,,60Ga,,,,,,,yes,,,,
270,248,,,,60Ga,,,,,,,yes,,,,
269,247,,,,60Ga,,,,,,,yes,,,,
268,246,,,,60Ga,,,,,,,yes,,,,
267,245,,,,60Ga,,,,,,,yes,,,,
266,244,,,,60Ga,,,,,,,yes,,,,
265,243,,,,60Ga,,,,,,,yes,,,,
264,242,,,,60Ga,,,,,,,yes,,,,
263,241,11/17/2025 15:41:14,,,60Ga,,,,~300 keV,,,yes,,,,
,240,,,,60Ga PID,,,,,,,yes,,,"Power cycled crate, network switch, mac minis",
259,239,11/17/2025 14:19,11/17/2025 14:33,0:13:37,60Ga,,,,~1 MeV,,,yes,,,Title: Production run; GET run 259 gate delay uses 0.5 us,
257,238,11/17/2025 14:16,11/17/2025 14:16,0:00:45,60Ga,,,,,,,yes,,,Production run; GET run 257 Changed gate delay to 0.5micro s,
256,237,11/17/2025 14:14,11/17/2025 14:15,0:01:21,60Ga,,,,,,,yes,,,Production run; GET run 256,
255,236,11/17/2025 13:14,11/17/2025 14:14,0:59:38,60Ga,,,,,,,yes,,,Production run; GET run 255,
254,235,11/17/2025 12:09,11/17/2025 13:14,1:04:50,60Ga,,,,,,,yes,,,Production run; GET run 254,
253,234,11/17/2025 11:08,11/17/2025 12:09,1:01:11,60Ga,,,,,,,yes,,,Production run; GET run 253; GET setting changed Windaq pressure 866.5 Torr; MESH.Live - 30.00; TRIG.Live - 4.00,
252,,,,,,,,,,,,yes,,,Test of the GET system; changing gate delay from 4.5 -> 2.5 microseconds and readout depth 400 ->512,
251,233,11/17/2025 10:47,11/17/2025 11:05,0:17:05,,,,,,,,yes,,,Production run; GET run 251 Windaq pressure 866.5 torr; MESH.Live - 37.5; TRIG.Live - 5.5,
250,232,11/17/2025 9:46,11/17/2025 10:47,1:01:38,60Ga,,,,,,,yes,,,Production run; GET run 250,
249,231,11/17/2025 8:45,11/17/2025 9:45,1:00:49,60Ga,,,,,,,yes,,,Production run; GET run 249 Windaq pressure - 867; Torr MESH.Live - 36.00,
248,230,11/17/2025 7:44,11/17/2025 8:44,1:00:12,60Ga,,,,,,,yes,,,Production run; GET run 248 LN2 fill began ~29 minutes into the run,
247,229,11/17/2025 6:44,11/17/2025 7:44,1:00:14,60Ga,,,,,,,yes,,,Production run; GET run 247 Mesh rate 59.00 GET rate 6.00,
246,228,11/17/2025 5:43,11/17/2025 6:44,1:00:18,60Ga,,,,,,,yes,,,Production run; GET run 246 Windaq pressure : 867 torr,
245,227,11/17/2025 4:44,11/17/2025 5:43,0:59:17,60Ga,,,,,,,yes,,,Production run; GET run 245 Windaq pressure : 867 torr,
244,226,11/17/2025 3:43,11/17/2025 4:44,1:00:23,60Ga,,,,,,,yes,,,Production run; GET run 244 Windaq pressure : 867 torr,
243,225,11/17/2025 2:44,11/17/2025 3:43,0:58:54,60Ga,,,,,,,yes,,,Production run; GET run 243 Windaq pressure : 867 torr,
242,224,11/17/2025 2:12,11/17/2025 2:44,0:31:46,60Ga,,,,,,,yes,,,LN2 fill; GET run 242 Windaq pressure : 867 torr,
241,223,11/17/2025 1:27,11/17/2025 2:11,0:44:16,60Ga,,,,,,,yes,,,Production run; GET run 241 Windaq pressure : 867 torr,
240,222,11/17/2025 0:44,11/17/2025 1:26,0:41:38,60Ga,,,,,,,yes,,,Production run; GET run 240 Windaq pressure : 867 torr,
239,221,11/16/2025 23:41,11/17/2025 0:44,1:02:26,60Ga,,,,,,,yes,,,Production run; GET run 239 Windaq pressure : 867 torr,
238,220,11/16/2025 22:37,11/16/2025 23:41,1:04:21,60Ga,,,,,,,yes,,,Production run; GET run 238,
237,219,11/16/2025 21:48,11/16/2025 22:21,0:32:41,60Ga,,,,,,,yes,,,Production run; GET run 237; Gate delay uses 4.5 us,
235,218,11/16/2025 21:44,11/16/2025 21:45,0:01:28,60Ga,,,,,,,yes,,,"Production run; GET run 235; Gate delay changed from 5.5 us to 4.5 us. Actually,",
234,217,11/16/2025 20:38,11/16/2025 21:43,1:05:23,60Ga,,removed?,,,,,yes,,,Production run; GET run 234,
233,216,11/16/2025 20:09,11/16/2025 20:37,0:28:42,60Ga,,,,,,,yes,,,"Title: LN2 fill, GET run 233",
232,215,11/16/2025 19:51,11/16/2025 20:09,0:17:03,60Ga,,,,,,,yes,,,Production run: Get run 232,
231,214,11/16/2025 18:50,11/16/2025 19:51,1:00:42,60Ga,,,,,,,yes,,,Production run: Get run 231 Get run 230 was a short test; no corresponding,
229,213,11/16/2025 18:22,11/16/2025 18:47,0:25:19,60Ga,,removed?,,,,,yes,,,Production run: Get run 229,
228,212,11/16/2025 17:21,11/16/2025 18:22,1:00:48,60Ga,,,,,,,yes,,,Production run: Get run 228,
227,,,,,,,corrupted?,,,,,yes,,,possibly corrupted? Not sure what this run's deal is,
226,211,11/16/2025 16:24,11/16/2025 16:52,0:28:42,60Ga,,,,,,,yes,,,"Production run: Get run 226 ~20 minutes in, the Trig rate drops to 0,",
225,210,11/16/2025 15:23,11/16/2025 16:23,1:00:11,60Ga,,,,,,,yes,,,Production run: Get run 225,
,209,11/16/2025 15:07,11/16/2025 15:23,0:16:17,60Ga,,no GRAW files,,,,,yes,,,Production run: Get run 221,
220,208,11/16/2025 14:47,11/16/2025 15:06,0:19:04,60Ga,,,,,,,yes,,,Production run: Get run 220,
PID,207,11/16/2025 14:15,11/16/2025 14:23,0:07:34,60Ga PID,,,,,,,yes,,,"PID run, continuous beam, x40 attenuation",
219,206,11/16/2025 12:46,11/16/2025 13:59,1:13:33,60Ga,,,,,,,yes,,,Production Run; GET run 219; front end veto disabled,
?,205,11/16/2025 12:41,11/16/2025 12:45,0:04:18,60Ga,,,,,,,yes,,,Production Run; GET diagnosing daq issues; front end veto disabled,
215,204,11/16/2025 12:15,11/16/2025 12:29,0:13:59,60Ga,,not transfered,,,,,yes,,,Production Run; GET Run 215; front end veto disabled,
214,203,11/16/2025 11:14,11/16/2025 12:15,1:00:34,60Ga,,not transfered,,,,,yes,,,Production Run; GET Run 214; front end veto disabled,
213,202,11/16/2025 10:14,11/16/2025 11:14,1:00:17,60Ga,,,,,,,yes,,,Production Run; GET Run 213; front end veto disabled,
212,201,11/16/2025 9:13,11/16/2025 10:14,1:00:15,60Ga,,,,,,,yes,,,Production Run; GET Run 212; front end veto disabled,
211,200,11/16/2025 8:13,11/16/2025 9:13,1:00:14,60Ga,,,,,,,yes,,,Production Run; GET Run 211; front end veto disabled. LN2 fill started around,
210,199,11/16/2025 7:13,11/16/2025 8:13,0:59:59,60Ga,,,,,,,yes,,,Production Run; GET Run 210; front end veto disabled,
209,198,11/16/2025 6:07,11/16/2025 7:13,1:05:30,60Ga,,,,,,,yes,,,Production Run; GET Run 209; front end veto disabled,
208,197,11/16/2025 5:06,11/16/2025 6:07,1:00:56,60Ga,,,,,,,yes,,,Production Run; GET Run 208; front end veto disabled,
207,196,11/16/2025 4:07,11/16/2025 5:06,0:59:12,60Ga,,,,,,,yes,,,Production Run; GET Run 207; front end veto disabled,
206,195,11/16/2025 3:06,11/16/2025 4:07,1:00:18,60Ga,,,,,,,yes,,,Production Run; GET Run 206; front end veto disabled,
205,194,11/16/2025 2:06,11/16/2025 3:06,0:59:52,60Ga,,,,,,,yes,,,"LN2 Run; GET Run 205; front end veto disabled. LN2 fill at approx 9min in ID 1,2,3,5,6",
204,193,11/16/2025 1:08,11/16/2025 2:06,0:58:18,60Ga,,,,,,,yes,,,Production Run; GET Run 204; front end veto disabled,
203,192,11/16/2025 0:08,11/16/2025 1:07,0:59:23,60Ga,,,,,,,yes,,,Production Run; GET Run 203; front end veto disabled,
202,191,11/15/2025 23:08,11/16/2025 0:08,0:59:53,60Ga,,,,,,,yes,,,Production Run; GET Run 202; front end veto disabled,
201,190,11/15/2025 22:05,11/15/2025 23:08,1:02:49,60Ga,,,,,,,yes,,,Production Run; GET Run 201; front end veto disabled,
200,189,11/15/2025 21:03,11/15/2025 22:04,1:01:48,60Ga,,,,,,,yes,,,Production Run; GET Run 200; front end veto disabled,
199,188,11/15/2025 20:10,11/15/2025 21:03,0:52:08,60Ga,yes,,,,,,yes,,,"Production Run; GET Run 199; front end veto disabled, LN2 fill",
198,187,11/15/2025 19:18,11/15/2025 20:10,0:51:42,60Ga,,,,,,,yes,,,Production Run; GET Run 198; front end veto disabled,
197,186,11/15/2025 18:17,11/15/2025 19:18,1:01:34,60Ga,,,,,,,yes,,,Production Run; GET Run 197; front end veto disabled,
196,185,11/15/2025 17:11,11/15/2025 18:16,1:05:15,60Ga,,,,,,,yes,,,Production Run; GET Run 196; front end veto disabled,
195,184,11/15/2025 16:51,11/15/2025 17:07,0:15:49,60Ga,,,,,,,yes,,,Production Run; GET Run 195; front end veto disabled,
194,183,11/15/2025 16:37,11/15/2025 16:51,0:14:03,60Ga,,,,,,,yes,,,Production Run; GET Run 194; front end veto disabled,
193,182,11/15/2025 15:58,11/15/2025 16:27,0:28:45,60Ga,,,,,,,yes,,,Production Run; GET Run 193; Stopped the run. Disabling front-end veto due to the veto pad noises. We are not sure at the moment if it is affecting the data quality,
192,181,11/15/2025 14:58,11/15/2025 15:58,0:59:50,60Ga,,,,,,,yes,,,Production Run; GET Run 192,
191,180,11/15/2025 14:51,11/15/2025 14:56,0:04:56,60Ga,,,,,,,yes,,,Production Run; GET Run 191 Run ended when Fragment Catcher Slits malfunctioned; lost beam.,
PID,179,11/15/2025 14:23,11/15/2025 14:31,0:07:46,60Ga PID,,,,,,,yes,,,"PID run, 40x attenuation, beam cycling",
PID,178,11/15/2025 14:13,11/15/2025 14:23,0:10:08,60Ga PID,,,,,,,yes,,,"PID run, 40x attenuation, beam cycling",
PID,177,11/15/2025 14:09,11/15/2025 14:12,0:03:06,60Ga PID,,,,,,,yes,,,"PID run (38 degree degrader), Get Run Beam attenuated by 20x, beam is being cycled.",
PID,176,11/15/2025 14:05,11/15/2025 14:09,0:04:24,60Ga PID,,,,,,,yes,,,"PID run (38 degree degrader), Get Run",
PID,175,11/15/2025 13:56,11/15/2025 14:05,0:08:58,60Ga PID,,,,,,,yes,,,"PID run (38 degree degrader), Get Run",
,174,11/15/2025 13:33,11/15/2025 13:34,0:01:12,60Ga,,,,,,,,,,"Run 174 was for verifying beam is attenuated. There is no corresponding get run. Production run (38 degree degrader), Get Run 188",
188?,173,11/15/2025 13:30,11/15/2025 13:32,0:01:51,60Ga,,,,,,,yes,,,"Production run (38 degree degrader), Get Run 188; Get run 189 is junk.",
188?,172,11/15/2025 13:10,11/15/2025 13:24,0:14:10,60Ga,,,,,,,yes,,,"Production run (38 degree degrader), Get Run 188",
187,171,11/15/2025 12:07,11/15/2025 13:09,1:02:49,60Ga,,,,,,,yes,,,"Production run (38 degree degrader), Get Run 187; Malfunction of the fragment catcher slits at ~12:47, as a result, we lost the beam. The operators called in another person to check on it. Beam came back at ~12:53; After the beam came back, we saw 0 MB/s in each of the data routers for ~20 seconds, as we were trying to figure out what was causing it, they came back. This happened during a dip in the beam rate to 0, but did not entirely overlap with it (dip lasted ~5 seconds). This GET data should be checked offline after the run is stopped.",
186,170,11/15/2025 11:07,11/15/2025 12:06,0:59:22,60Ga,,,,,,,yes,,,"Production run (38 degree degrader), Get Run 186",
185,169,11/15/2025 9:43,11/15/2025 10:43,1:00:28,60Ga,,,,,,,yes,,,"Production run (38 degree degrader), Get Run 185; GET Run 184 was a test after the GET services were restarted, mm0 is still unreachable for merging purposes; Cavity trip at ~10:10. Lost beam until 10:26. Two simultaneous cavity trips at ~ 10:28am. Beam back at 10:33am. Cavity trip at ~10:40am. Systems expert has been called by operators.",
183,168,11/15/2025 8:41,11/15/2025 9:39,0:58:30,60Ga,,,,,,,yes,,,"Production run (38 degree degrader), Get Run 183; Beam rate dropped to 0 for ~10 seconds in the first minute of the run/ A few more of these (3) occurred at ~8:51-8:53. Halfway through this run, we see the data rate in GET go to 0 for ~10 seconds, then the rates increase tenfold to catch up. After this run we will try to restart mm0 and GET services to see if that fixes the issues, and allows us to merge the runs.",
182,167,11/15/2025 7:41,11/15/2025 8:40,0:59:09,60Ga,yes,,,,,,yes,,,"Production run (38 degree degrader), Get Run 182, LN fill from ~ 8:13am - 8:30am, beam current dropped to zero a couple of times for 5 seconds each (both ~ 8:30am)",
181,166,11/15/2025 6:38,11/15/2025 7:39,1:00:21,60Ga,,,,,,,yes,,,"Production run (38 degree degrader), Get Run 181",
180,165,11/15/2025 5:35,11/15/2025 6:36,1:00:52,60Ga,,,,,,,yes,,,"Production run (38 degree degrader), Get Run 180. Between 6:15am and 6:20am, the accepted trigger rates went to zero for about 10 seconds. All the other rates looked OK.",
179,164,11/15/2025 4:34,11/15/2025 5:35,1:00:21,60Ga,,,,,,,yes,,,"Production run (38 degree degrader), Get Run 179",
,163,11/15/2025 4:15,11/15/2025 4:17,0:02:01,60Ga,,no GRAW files,,,,,yes,,,"Production run (38 degree degrader), Get Run 178",
,162,11/15/2025 3:44,11/15/2025 4:15,0:30:43,60Ga,,no GRAW files,,,,,yes,,,"Production run (38 degree degrader), Get Run 177",
176,161,11/15/2025 3:09,11/15/2025 3:42,0:32:58,60Ga,,,,,,,yes,,,"Production run (38 degree degrader), Get Run 176",
175,160,11/15/2025 2:08,11/15/2025 3:08,1:00:05,60Ga,,,,,,,yes,,,"Production run (38 degree degrader), LN2 fill , Get Run 175",
174,159,11/15/2025 1:07,11/15/2025 2:08,1:00:47,60Ga,,,,,,,yes,,,"Production run (38 degree degrader), Get Run 174",
173,158,11/15/2025 0:06,11/15/2025 1:07,1:00:32,60Ga,,,,,,,yes,,,"Production run (38 degree degrader), Get Run 173",
172,157,11/14/2025 23:03,11/15/2025 0:06,1:02:59,60Ga,,,,,,,yes,,,"Production run (38 degree degrader), Get Run 172",
171,156,11/14/2025 22:36,11/14/2025 23:00,0:24:38,60Ga,,,,,,,yes,,,"Production run (38 degree degrader), Get Run 171",
170,155,11/14/2025 21:35,11/14/2025 22:36,1:00:35,60Ga,,,,,,,yes,,,"Production run (38 degree degrader), Get Run 170",
169,154,11/14/2025 20:35,11/14/2025 21:35,0:59:52,60Ga,,,,,,no,yes,,,"Production run (38 degree degrader), Get Run 169, weird data in crystal 1B",
168,153,11/14/2025 20:10,11/14/2025 20:35,0:24:32,60Ga,yes,,,,,yes,yes,,,"Production run (38 degree degrader), LN2 fill, Get Run 168 CL1-A was super noisy for 40 s, and went back to normal.",
167,152,11/14/2025 19:47,11/14/2025 20:10,0:22:47,60Ga,,,,,,yes,yes,,,Production run (38 degree degrader) GET RUN# was 167,
166,151,11/14/2025 18:47,11/14/2025 19:47,1:00:04,60Ga,,,,,,yes,yes,,,Production run (38 degree degrader) GET RUN# was 166,
165,150,11/14/2025 17:46,11/14/2025 18:47,1:00:21,60Ga,,,,,,yes,yes,,,Production run (38 degree degrader) GET RUN# was 165,
164,149,11/14/2025 16:45,11/14/2025 17:46,1:00:48,60Ga,,,,,,,,,,Title: Production run (38 degree degrader) GET run: 164<-163? GET RUN#164,
163,146,11/14/2025 16:30,11/14/2025 16:44,0:14:07,60Ga,,,,,,,,,,Production run (39 degree degrader),
162,145,11/14/2025 16:07,11/14/2025 16:27,0:19:09,60Ga,,,,,,,,,,Production run (37 degree degrader),
161,144,11/14/2025 15:58,11/14/2025 16:05,0:07:23,60Ga,,,,,,,,,,Production run GET run: 161,
160,143,11/14/2025 14:56,11/14/2025 15:57,1:01:18,60Ga,,,,,,,,,,Production run GET run: 160,
,142,11/14/2025 14:21,11/14/2025 14:39,0:17:58,60Ga PID,,,,,,,,,,"Beam 40x attenuated, continuous, Si in, PID during the production run (cycle?): 12 kW; this run: 860 W; 60Ga purity ~ 8%; Good(60Ga, 59Zu, 58Cu)/all ~ 92.8%; Ga 4540; Zn 30312; good 51702; unwanted 3231; all 55695",
,141,11/14/2025 14:19,11/14/2025 14:19,0:00:32,60Ga PID,,,,,,,,,,"Beam 20x attenuated, continuous, Si in, PID",
,140,11/14/2025 14:12,11/14/2025 14:17,0:05:03,,yes,,,,,,maybe?,,,"Beam stop, LN2 filling, SSD ready",
,139,11/14/2025 13:15,11/14/2025 14:00,0:45:04,,,,,,,,maybe?,,,Production Run,
157,138,11/14/2025 12:14,11/14/2025 13:15,1:00:36,60Ga,,,,,,,maybe?,,,Production Run GET run: 157,
156,137,11/14/2025 11:13,11/14/2025 12:14,1:01:40,60Ga,,,,,,,maybe?,,,Production Run GET run :156,
155,136,11/14/2025 10:11,11/14/2025 11:12,1:01:47,60Ga,,,,,,,maybe?,,,Production Run GET Run 155,
153,135,11/14/2025 8:59,11/14/2025 10:11,1:11:07,60Ga,,,,,,,maybe?,,,Production Run GET run number: 153,
153,134,11/14/2025 8:08,11/14/2025 8:57,0:49:16,60Ga,yes,,,,,,maybe?,,,"Production Run - taken during LN2 fill GET run number: 153; Run was ended because OIC called stating that an SRC cavity tripped off, and we are near the end of an LN2 cycle.",
152,133,11/14/2025 6:46,11/14/2025 8:08,1:21:53,60Ga,,,,,,,maybe?,,,Production Run GET run number: 152,
151,132,11/14/2025 5:44,11/14/2025 6:46,1:01:22,60Ga,,,,,,,maybe?,,,Production Run GET 151,
150,131,11/14/2025 4:41,11/14/2025 5:44,1:03:29,60Ga,,,,,,,maybe?,,,Production Run GET 150,
149,130,11/14/2025 3:39,11/14/2025 4:40,1:01:35,60Ga,,,,,,,maybe?,,,Production Run GET 149,
148,129,11/14/2025 2:38,11/14/2025 3:39,1:01:04,60Ga,,,,,,,maybe?,,,Production Run GET 148,
147,128,11/14/2025 2:09,11/14/2025 2:37,0:28:36,60Ga,yes,,,,,,maybe?,,,Nitrogen Fill GET 147,
146,127,11/14/2025 1:04,11/14/2025 2:08,1:03:58,60Ga,,,,,,,maybe?,,,Production Run GET 146,
145,126,11/14/2025 0:03,11/14/2025 1:04,1:01:09,60Ga,,,,,,,maybe?,,,Production Run GET Run 145,
144,125,11/13/2025 23:06,11/14/2025 0:03,0:56:41,60Ga,,,,,,,maybe?,,,run started after fixing the CobO GET Run 144.,
,124,11/13/2025 20:18,11/13/2025 20:28,0:09:17,,yes,,,,,,maybe?,,,LN2 Fill; Run ended to recycle the cobo No Get run started,
143,123,11/13/2025 18:33,11/13/2025 20:03,1:29:24,60Ga,,,,,,,maybe?,,,"Full beam, degrader 38degree Get Run number: 143",
142,122,11/13/2025 17:29,11/13/2025 18:33,1:04:33,60Ga,,,,,,,maybe?,,,"Full beam, degrader 38degree Get Run number: 142",
141,121,11/13/2025 17:10,11/13/2025 17:28,0:18:00,60Ga,,,,,,,maybe?,,,"Full beam, degrader 38degree Get Run-141",
140,120,11/13/2025 16:41,11/13/2025 17:06,0:25:13,60Ga,,,,,,,maybe?,,,"Full beam, degrader 38degree. slit opened Get run-140 Rates on DDAS: - DB5 ~ 6700 - our scint. ~ 5600 - Clovers ~ 100-200",
"138, 139",119,11/13/2025 15:13,11/13/2025 16:33,1:19:54,60Ga,,,,,,,,,,"Full beam, degrader 38degree. slit closed to reduce the momentum acceptance GET run = 138, 139",
137,118,11/13/2025 14:41,11/13/2025 15:13,0:31:50,60Ga,,,,,,,,,,"Full beam, degrader 38degree. slit closed GET run number:137",
136,117,11/13/2025 13:35,11/13/2025 14:35,0:59:57,60Ga,,,,,,,,,,"Full beam, degrader 38degree GET run number: 136 Run stopped to close the slits. Momentum spread at present = 0.8 %",
134,116,11/13/2025 13:02,11/13/2025 13:26,0:24:08,60Ga,,,,,,,,,,"Full beam, degrader 40degree GET run#134, degrader 40degree",
133,115,11/13/2025 12:35,11/13/2025 12:59,0:24:18,60Ga,,,,,,,,,,Full beam The beam stop went in part way through the run fora minute or two. We asked the operators to remove it and they did. GET RUN#133 started late (GET RUN#132 did not have all cobos data...so we reset the cobos),
132?,,,,,,,,,,,missing cobo 3,,,,,
131,114,11/13/2025 11:54,11/13/2025 12:30,0:35:50,60Ga,,,,,,,,,,"Full beam DB5 scintillator ~ 6500cps S1 scintillator ~ 5600 cps Clovers ~ 100-200 cps, minor shift in 2614 keV peak in clover6b  ok",
130,113,11/13/2025 11:28,11/13/2025 11:33,0:04:48,60Ga PID,,,,,,,,,,"PID after AP tries to tune around collimator, atten 20x",
128,112,11/13/2025 10:14,11/13/2025 11:27,1:12:56,,,,,,,,,,,"beam stop in, background beam coming during the run Get run 129 junk",
127,,,,,junk,,,,,,no,,,,junk run,
126,111,11/13/2025 9:46,11/13/2025 10:14,0:28:01,,,,,,,,no,,,"PINs out, 200 ms full cycle, beam on 100 ms, degrader 36, attX1",
125,110,11/13/2025 9:29,11/13/2025 9:45,0:15:50,,,,,,,,no,,,"PINs out, 200 ms full cycle, beam on 100 ms, degrader 35, attX1",
124,109,11/13/2025 9:19,11/13/2025 9:28,0:08:56,,,,,,,,no,,,degrader 33,
123?,,,,,,,,,,,only cobo 0 presetn,no,,,,
121,108,11/13/2025 9:06,11/13/2025 9:13,0:07:25,,,,,,,,no,,,degrader 45,"Get 122, 123 Junk"
120,107,11/13/2025 8:47,11/13/2025 9:05,0:17:56,,,,,,,,no,,,event biudd window of FRIBDAQ omcreased 15us,
118?,,,,,,,,,,,missing cobo 0,no,,,,
,106,11/13/2025 8:28,11/13/2025 8:45,0:16:29,,,,,,,,no,,,"PINs out, 200 ms full cycle, beam on 100 ms, live degrader adj attX1,focus",
117,105,11/13/2025 7:42,11/13/2025 8:28,0:45:38,,,,,,,,no,,,,Get 116 Junk
115,104,11/13/2025 7:04,11/13/2025 7:41,0:37:05,,,,,,,,no,,,Degrader 37,
"113, 114",103,11/13/2025 6:25,11/13/2025 7:01,0:36:44,,,,,,,run 113 is missing cobo 0?,no,,,Degrader angle 45 degree,
112,102,11/13/2025 6:00,11/13/2025 6:23,0:22:48,,,,,,,,no,,,"changed in opposite direction; PINs out, 200 ms full cycle, beam on 100 ms, degrader 30 deg, attX2,focus with beam focusing settings to that of opposite of last time",
111,101,11/13/2025 5:34,11/13/2025 5:58,0:24:00,,,,,,,,no,,,"changed beam focus; PINs out, 200 ms full cycle, beam on 100 ms, degrader 30 deg, attX2, focus tried different beam focus settings",
106-110,100,,,,,,,,,,,no,,,"PINs out, 200 ms full cycle, beam on 100 ms, degrader 30 deg, attX2",
,99,,,,,,,,,,,no,,,,
,98,,,,,,,,,,,no,,,,
,97,,,,,,,,,,,no,,,,
,96,,,,,,,,,,,no,,,,
,95,,,,,,,,,,,no,,,,
,94,Nov 13 2:36:55,Nov 13 3:07:12,0:30:17,,,,,,,,no,,,"Beam to FDSi, transmission and PID",
,93,,,,,,,,,,,no,,,"Kei tuning at viewer, we are checking rates at FDSi diagnostic detectors",
,92,,,,,,,,,,,,,,,
,91,,,,,,,,,,,,,,,
,90,,,,,,,,,,,,,,,
,89,,,,,,,,,,,,,,,
,88,,,,,,,,,,,,,,,
,87,,,,,,,,,,,,,,,
,86,,,,,,,,,,,,,,,
,85,,,,,,,,,,,,152Eu,2,"153Eu source, far side center of GADGET(position 2)",
,84,,,,,,,,,,,,152Eu,,"153Eu source, top center of GADGET",
,83,,,,,source,,,,,,,60Co,4,"60Co source, bottom of GADGET (position4)",
,82,,,,,source,,,,,,,60Co,4,"60Co source, bottom of GADGET (position4)",
,81,,,,,source,,,,,,,60Co,4,"60Co source, bottom of GADGET (position4)",
,80,,,,,source,,,,,,,60Co,,"GADGET far side, centerof germanium array",
,79,,,,,source,,,,,,,60Co,,"60Co source, GADGET top, 3 inch downstrem from center",
,78,,,,,,,,,,,,60Co,,,
,77,,,,,,,,,,,,60Co,,,
,76,,,,,source,,,,,,,60Co,,"source on GADGET, center, far side from Ge array",
,75,,,,,,,,,,,,60Co,,,
,74,,,,,source,,,,,,,60Co,,"Co60 top surface of GADGET, 4 inch upstream from center ",
,73,,,,,,,,,,,,60Co,,,
,72,,,,,source,,,,,,,60Co,,"Co60 H2876 on the center surface of GADGET, array closed",
,71,,,,,,,,,,,,,,,
,70,,,,,,,,,,,,,,,
,69,,,,,,,,,,,,,,,
,68,,,,,,,,,,,,,,,
,67,,,,,,,,,,,,,,,
,66,,,,,,,,,,,,,,,
,65,,,,,,,,,,,,,,,
,64,,,,,,,,,,,,,,,
,63,,,,,,,,,,,,,,,
,62,,,,,,,,,,,,,,,
,61,,,,,,,,,,,,,,,
,60,,,,,,,,,,,,,,,
,59,,,,,,,,,,,,,,,
,58,,,,,,,,,,,,,,,
,57,,,,,,,,,,,,,,,
,56,,,,,,,,,,,,,,,
,55,,,,,,,,,,,,,,,
,54,,,,,,,,,,,,,,,
,53,,,,,,,,,,,,,,,
,52,,,,,,,,,,,,,,,
,51,,,,,,,,,,,,,,,
,50,,,,,,,,,,,,,,,
,49,,,,,,,,,,,,,,,
,48,,,,,,,,,,,,,,,
,47,,,,,,,,,,,,,,,
,46,,,,,,,,,,,,,,,
,45,,,,,,,,,,,,,,,
,44,,,,,,,,,,,,,,,
,43,,,,,,,,,,,,,,,
,42,,,,,,,,,,,,,,,
,41,,,,,,,,,,,,,,,
,40,,,,,,,,,,,,,,,
,39,,,,,,,,,,,,,,,
,38,,,,,,,,,,,,,,DAQ test RSL,
,37,,,,,,,,,,,,,,unable to convert to root file,
,36,,,,,,,,,,,,,,,
,35,,,,,,,,,,,,,,,
,34,,,,,,,,,,,,,,,
,33,,,,,,,,,,,,,,,
,32,,,,,,,,,,,,,,,
,31,,,,,,,,,,,,,,,
,30,,,,,,,,,,,,,,,
,29,,,,,,,,,,,,,,,
,28,,,,,,,,,,,,,,,
,27,,,,,,,,,,,,,,,
,26,,,,,,,,,,,,,,,
,25,,,,,,,,,,,,,,,
,24,,,,,,,,,,,,,,,
,23,,,,,,,,,,,,,,,
,22,,,,,,,,,,,,,,,
,21,,,,,,,,,,,,,,,
,20,,,,,,,,,,,,,,,
,19,,,,,,,,,,,,,,,
,18,,,,,,,,,,,,,,,
,17,,,,,,,,,,,,,,,
,16,,,,,,,,,,,,,,,
,15,,,,,,,,,,,,,,,
,14,,,,,,,,,,,,,,,
,13,,,,,,,,,,,,,,,
,12,,,,,,,,,,,,,,,
,11,,,,,,,,,,,,,,,
,10,,,,,,,,,,,,,,,
,9,,,,,,,,,,,,,,,
,8,,,,,,,,,,,,,,,
,7,,,,,,,,,,,,,,,
,6,,,,,,,,,,,,,,,
,5,,,,,,,,,,,,,,DAQ test RSL,
,4,,,,,,,,,,,,,,,
,3,,,,,,,,,,,,,,60Co on the surface center of GADGET facong DEGA-test 1 S-ID-0,
,2,,,,,,,,,,,,,,0Co on the surface center of GADGET facong DEGA-test 1 S-ID-0 Readout,
,1,,,,,,,,,,,,,,60Co on the surface center of GADGET facong DEGA,
,0,,,,,,,,,,,,,,DAQ test RSL,